1	Chapter I - Origin of Ayurveda	https://www.wisdomlib.org/hinduism/book/sushruta-samhita-volume-1-sutrasthana/d/doc122887.html	/tmp/sushruta/chapters/sutra/ch01.txt
2	Chapter II - Initiation of the pupil	https://www.wisdomlib.org/hinduism/book/sushruta-samhita-volume-1-sutrasthana/d/doc122889.html	/tmp/sushruta/chapters/sutra/ch02.txt
3	Chapter III - Classification of Ayurveda	https://www.wisdomlib.org/hinduism/book/sushruta-samhita-volume-1-sutrasthana/d/doc122890.html	/tmp/sushruta/chapters/sutra/ch03.txt
4	Chapter IV - General explanations	https://www.wisdomlib.org/hinduism/book/sushruta-samhita-volume-1-sutrasthana/d/doc122891.html	/tmp/sushruta/chapters/sutra/ch04.txt
5	Chapter V - Preliminary measures	https://www.wisdomlib.org/hinduism/book/sushruta-samhita-volume-1-sutrasthana/d/doc122892.html	/tmp/sushruta/chapters/sutra/ch05.txt
6	Chapter VI - Different seasons of the year	https://www.wisdomlib.org/hinduism/book/sushruta-samhita-volume-1-sutrasthana/d/doc122894.html	/tmp/sushruta/chapters/sutra/ch06.txt
7	Chapter VII - Surgical appliances	https://www.wisdomlib.org/hinduism/book/sushruta-samhita-volume-1-sutrasthana/d/doc122896.html	/tmp/sushruta/chapters/sutra/ch07.txt
8	Chapter VIII - Surgical instruments	https://www.wisdomlib.org/hinduism/book/sushruta-samhita-volume-1-sutrasthana/d/doc122897.html	/tmp/sushruta/chapters/sutra/ch08.txt
9	Chapter IX - Practical surgical instructions	https://www.wisdomlib.org/hinduism/book/sushruta-samhita-volume-1-sutrasthana/d/doc122898.html	/tmp/sushruta/chapters/sutra/ch09.txt
10	Chapter X - Qualifications of a physician	https://www.wisdomlib.org/hinduism/book/sushruta-samhita-volume-1-sutrasthana/d/doc122899.html	/tmp/sushruta/chapters/sutra/ch10.txt
11	Chapter XI - Alkaline cautery	https://www.wisdomlib.org/hinduism/book/sushruta-samhita-volume-1-sutrasthana/d/doc122900.html	/tmp/sushruta/chapters/sutra/ch11.txt
12	Chapter XII - Thermal cautery	https://www.wisdomlib.org/hinduism/book/sushruta-samhita-volume-1-sutrasthana/d/doc122901.html	/tmp/sushruta/chapters/sutra/ch12.txt
13	Chapter XIII - Usage of leeches	https://www.wisdomlib.org/hinduism/book/sushruta-samhita-volume-1-sutrasthana/d/doc122902.html	/tmp/sushruta/chapters/sutra/ch13.txt
14	Chapter XIV - Description of blood	https://www.wisdomlib.org/hinduism/book/sushruta-samhita-volume-1-sutrasthana/d/doc122906.html	/tmp/sushruta/chapters/sutra/ch14.txt
15	Chapter XV - Knowledge of doshas etc	https://www.wisdomlib.org/hinduism/book/sushruta-samhita-volume-1-sutrasthana/d/doc122907.html	/tmp/sushruta/chapters/sutra/ch15.txt
16	Chapter XVI - Puncturing and Bandaging the ear	https://www.wisdomlib.org/hinduism/book/sushruta-samhita-volume-1-sutrasthana/d/doc122909.html	/tmp/sushruta/chapters/sutra/ch16.txt
17	Chapter XVII - Features of unripe and ripe swelling	https://www.wisdomlib.org/hinduism/book/sushruta-samhita-volume-1-sutrasthana/d/doc122910.html	/tmp/sushruta/chapters/sutra/ch17.txt
18	Chapter XVIII - Poulticing and bandaging of wounds	https://www.wisdomlib.org/hinduism/book/sushruta-samhita-volume-1-sutrasthana/d/doc122911.html	/tmp/sushruta/chapters/sutra/ch18.txt
19	Chapter XIX - Care of the wounded	https://www.wisdomlib.org/hinduism/book/sushruta-samhita-volume-1-sutrasthana/d/doc122913.html	/tmp/sushruta/chapters/sutra/ch19.txt
20	Chapter XX - Suitable and unsuitables for health	https://www.wisdomlib.org/hinduism/book/sushruta-samhita-volume-1-sutrasthana/d/doc122915.html	/tmp/sushruta/chapters/sutra/ch20.txt
21	Chapter XXI - Questions concerning wounds	https://www.wisdomlib.org/hinduism/book/sushruta-samhita-volume-1-sutrasthana/d/doc122917.html	/tmp/sushruta/chapters/sutra/ch21.txt
22	Chapter XXII - Knowledge of exudates of wounds	https://www.wisdomlib.org/hinduism/book/sushruta-samhita-volume-1-sutrasthana/d/doc122919.html	/tmp/sushruta/chapters/sutra/ch22.txt
23	Chapter XXIII - Prognosis of wounds	https://www.wisdomlib.org/hinduism/book/sushruta-samhita-volume-1-sutrasthana/d/doc122920.html	/tmp/sushruta/chapters/sutra/ch23.txt
24	Chapter XXIV - Knowledge of diseases	https://www.wisdomlib.org/hinduism/book/sushruta-samhita-volume-1-sutrasthana/d/doc122921.html	/tmp/sushruta/chapters/sutra/ch24.txt
25	Chapter XXV - Eight kinds of surgical operations	https://www.wisdomlib.org/hinduism/book/sushruta-samhita-volume-1-sutrasthana/d/doc122923.html	/tmp/sushruta/chapters/sutra/ch25.txt
26	Chapter XXVI - Knowledge of foreign bodies	https://www.wisdomlib.org/hinduism/book/sushruta-samhita-volume-1-sutrasthana/d/doc122924.html	/tmp/sushruta/chapters/sutra/ch26.txt
27	Chapter XXVII - Removal of foreign bodies	https://www.wisdomlib.org/hinduism/book/sushruta-samhita-volume-1-sutrasthana/d/doc122926.html	/tmp/sushruta/chapters/sutra/ch27.txt
28	Chapter XXVIII - Prognosis of wounds	https://www.wisdomlib.org/hinduism/book/sushruta-samhita-volume-1-sutrasthana/d/doc122927.html	/tmp/sushruta/chapters/sutra/ch28.txt
29	Chapter XXIX - Auspicious and inauspicious dreams	https://www.wisdomlib.org/hinduism/book/sushruta-samhita-volume-1-sutrasthana/d/doc122928.html	/tmp/sushruta/chapters/sutra/ch29.txt
30	Chapter XXX - Good and bad sensory perceptions	https://www.wisdomlib.org/hinduism/book/sushruta-samhita-volume-1-sutrasthana/d/doc122929.html	/tmp/sushruta/chapters/sutra/ch30.txt
31	Chapter XXXI - Good And Bad Colour Etc. Fatal Signs	https://www.wisdomlib.org/hinduism/book/sushruta-samhita-volume-1-sutrasthana/d/doc122930.html	/tmp/sushruta/chapters/sutra/ch31.txt
32	Chapter XXXII - Good and bad nature of body parts fatal signs	https://www.wisdomlib.org/hinduism/book/sushruta-samhita-volume-1-sutrasthana/d/doc122931.html	/tmp/sushruta/chapters/sutra/ch32.txt
33	Chapter XXXIII - Fatal Signs of Diseases	https://www.wisdomlib.org/hinduism/book/sushruta-samhita-volume-1-sutrasthana/d/doc122933.html	/tmp/sushruta/chapters/sutra/ch33.txt
34	Chapter XXXIV - Duties of army surgeon	https://www.wisdomlib.org/hinduism/book/sushruta-samhita-volume-1-sutrasthana/d/doc122934.html	/tmp/sushruta/chapters/sutra/ch34.txt
35	Chapter XXXV - Examination of the patient	https://www.wisdomlib.org/hinduism/book/sushruta-samhita-volume-1-sutrasthana/d/doc122935.html	/tmp/sushruta/chapters/sutra/ch35.txt
36	Chapter XXXVI - Drugs of specific actions	https://www.wisdomlib.org/hinduism/book/sushruta-samhita-volume-1-sutrasthana/d/doc122936.html	/tmp/sushruta/chapters/sutra/ch36.txt
37	Chapter XXXVII - Kinds of land regions	https://www.wisdomlib.org/hinduism/book/sushruta-samhita-volume-1-sutrasthana/d/doc122937.html	/tmp/sushruta/chapters/sutra/ch37.txt
38	Chapter XXXVIII - Groups of drugs	https://www.wisdomlib.org/hinduism/book/sushruta-samhita-volume-1-sutrasthana/d/doc122938.html	/tmp/sushruta/chapters/sutra/ch38.txt
39	Chapter XXXIX - Purificatory and Palliative Drugs	https://www.wisdomlib.org/hinduism/book/sushruta-samhita-volume-1-sutrasthana/d/doc141669.html	/tmp/sushruta/chapters/sutra/ch39.txt
40	Chapter XL - Knowledge of taste etc of drugs	https://www.wisdomlib.org/hinduism/book/sushruta-samhita-volume-1-sutrasthana/d/doc141670.html	/tmp/sushruta/chapters/sutra/ch40.txt
41	Chapter XLI - Knowledge of categories of drugs	https://www.wisdomlib.org/hinduism/book/sushruta-samhita-volume-1-sutrasthana/d/doc141671.html	/tmp/sushruta/chapters/sutra/ch41.txt
42	Chapter XLII - Knowledge of tastes of drugs	https://www.wisdomlib.org/hinduism/book/sushruta-samhita-volume-1-sutrasthana/d/doc141672.html	/tmp/sushruta/chapters/sutra/ch42.txt
43	Chapter XLIII - Recipes of emetic drugs	https://www.wisdomlib.org/hinduism/book/sushruta-samhita-volume-1-sutrasthana/d/doc141673.html	/tmp/sushruta/chapters/sutra/ch43.txt
44	Chapter XLIV - Recipes of purgative drugs	https://www.wisdomlib.org/hinduism/book/sushruta-samhita-volume-1-sutrasthana/d/doc141674.html	/tmp/sushruta/chapters/sutra/ch44.txt
45	Chapter XLV - Knowledge of liquid substances	https://www.wisdomlib.org/hinduism/book/sushruta-samhita-volume-1-sutrasthana/d/doc141676.html	/tmp/sushruta/chapters/sutra/ch45.txt
46	Chapter XLVI - Diet articles and regimen of diet	https://www.wisdomlib.org/hinduism/book/sushruta-samhita-volume-1-sutrasthana/d/doc141678.html	/tmp/sushruta/chapters/sutra/ch46.txt
